id,cohort,year,post,effect,y
1,2006,2000,0,0,.246
1,2006,2001,0,0,.394
1,2006,2002,0,0,.519
1,2006,2003,0,0,.853
1,2006,2004,0,0,1.169
1,2006,2005,0,0,1.08
1,2006,2006,1,0,1.297
1,2006,2007,1,.5,2.219
1,2006,2008,1,1,2.811
1,2006,2009,1,1.5,3.566
1,2006,2010,1,2,4.267
1,2006,2011,1,2.5,4.968
1,2006,2012,1,3,5.664
1,2006,2013,1,3.5,6.152
1,2006,2014,1,4,7.071
1,2006,2015,1,4.5,7.771
1,2006,2016,1,5,8.472
1,2006,2017,1,5.5,8.865
1,2006,2018,1,6,9.887
1,2006,2019,1,6.5,10.405
2,2006,2000,0,0,.417
2,2006,2001,0,0,.629
2,2006,2002,0,0,.9490000000000001
2,2006,2003,0,0,.9540000000000001
2,2006,2004,0,0,1.223
2,2006,2005,0,0,1.573
2,2006,2006,1,0,1.792
2,2006,2007,1,.5,2.086
2,2006,2008,1,1,2.997
2,2006,2009,1,1.5,3.666
2,2006,2010,1,2,4.433
2,2006,2011,1,2.5,5.029
2,2006,2012,1,3,5.7
2,2006,2013,1,3.5,6.363
2,2006,2014,1,4,7.152
2,2006,2015,1,4.5,7.973
2,2006,2016,1,5,8.391999999999999
2,2006,2017,1,5.5,9.332000000000001
2,2006,2018,1,6,10.059
2,2006,2019,1,6.5,10.728
3,2006,2000,0,0,.49
3,2006,2001,0,0,.654
3,2006,2002,0,0,1.017
3,2006,2003,0,0,1.245
3,2006,2004,0,0,1.531
3,2006,2005,0,0,1.595
3,2006,2006,1,0,1.923
3,2006,2007,1,.5,2.502
3,2006,2008,1,1,3.187
3,2006,2009,1,1.5,4.02
3,2006,2010,1,2,4.423
3,2006,2011,1,2.5,5.384
3,2006,2012,1,3,6.023
3,2006,2013,1,3.5,6.876
3,2006,2014,1,4,7.202
3,2006,2015,1,4.5,8.004
3,2006,2016,1,5,8.731999999999999
3,2006,2017,1,5.5,9.797000000000001
3,2006,2018,1,6,10.151
3,2006,2019,1,6.5,10.722
4,2006,2000,0,0,.8080000000000001
4,2006,2001,0,0,.8110000000000001
4,2006,2002,0,0,1.239
4,2006,2003,0,0,1.5
4,2006,2004,0,0,1.557
4,2006,2005,0,0,1.784
4,2006,2006,1,0,2.141
4,2006,2007,1,.5,2.657
4,2006,2008,1,1,3.427
4,2006,2009,1,1.5,4.011
4,2006,2010,1,2,4.716
4,2006,2011,1,2.5,5.483000000000001
4,2006,2012,1,3,6.221
4,2006,2013,1,3.5,6.994
4,2006,2014,1,4,7.616000000000001
4,2006,2015,1,4.5,8.313000000000001
4,2006,2016,1,5,8.968
4,2006,2017,1,5.5,9.534000000000001
4,2006,2018,1,6,10.463
4,2006,2019,1,6.5,11.034
5,2006,2000,0,0,1.009
5,2006,2001,0,0,1.237
5,2006,2002,0,0,1.382
5,2006,2003,0,0,1.574
5,2006,2004,0,0,1.771
5,2006,2005,0,0,1.955
5,2006,2006,1,0,2.107
5,2006,2007,1,.5,2.973
5,2006,2008,1,1,3.449
5,2006,2009,1,1.5,4.21
5,2006,2010,1,2,4.972
5,2006,2011,1,2.5,5.773
5,2006,2012,1,3,6.363
5,2006,2013,1,3.5,7.042
5,2006,2014,1,4,7.792
5,2006,2015,1,4.5,8.395
5,2006,2016,1,5,9.146000000000001
5,2006,2017,1,5.5,10.097
5,2006,2018,1,6,10.482
5,2006,2019,1,6.5,11.452
6,2006,2000,0,0,1.157
6,2006,2001,0,0,1.367
6,2006,2002,0,0,1.483
6,2006,2003,0,0,1.867
6,2006,2004,0,0,2.427
6,2006,2005,0,0,2.176
6,2006,2006,1,0,2.241
6,2006,2007,1,.5,3.178
6,2006,2008,1,1,3.732
6,2006,2009,1,1.5,4.572
6,2006,2010,1,2,5.23
6,2006,2011,1,2.5,5.945
6,2006,2012,1,3,6.445
6,2006,2013,1,3.5,7.355
6,2006,2014,1,4,7.890000000000001
6,2006,2015,1,4.5,8.603
6,2006,2016,1,5,9.385
6,2006,2017,1,5.5,10.064
6,2006,2018,1,6,10.906
6,2006,2019,1,6.5,11.353
7,2006,2000,0,0,1.257
7,2006,2001,0,0,1.724
7,2006,2002,0,0,1.97
7,2006,2003,0,0,1.946
7,2006,2004,0,0,2.363
7,2006,2005,0,0,2.506
7,2006,2006,1,0,2.584
7,2006,2007,1,.5,3.302
7,2006,2008,1,1,3.85
7,2006,2009,1,1.5,4.879
7,2006,2010,1,2,5.452
7,2006,2011,1,2.5,5.985
7,2006,2012,1,3,6.577
7,2006,2013,1,3.5,7.65
7,2006,2014,1,4,8.213000000000001
7,2006,2015,1,4.5,8.997
7,2006,2016,1,5,9.752000000000001
7,2006,2017,1,5.5,10.446
7,2006,2018,1,6,11.019
7,2006,2019,1,6.5,11.809
8,2006,2000,0,0,1.614
8,2006,2001,0,0,1.694
8,2006,2002,0,0,1.908
8,2006,2003,0,0,2.125
8,2006,2004,0,0,2.391
8,2006,2005,0,0,2.68
8,2006,2006,1,0,2.779
8,2006,2007,1,.5,3.526
8,2006,2008,1,1,4.247
8,2006,2009,1,1.5,4.795
8,2006,2010,1,2,5.631
8,2006,2011,1,2.5,6.251
8,2006,2012,1,3,7.04
8,2006,2013,1,3.5,7.667
8,2006,2014,1,4,8.247
8,2006,2015,1,4.5,9.057
8,2006,2016,1,5,9.814
8,2006,2017,1,5.5,10.406
8,2006,2018,1,6,11.15
8,2006,2019,1,6.5,11.865
9,2006,2000,0,0,1.745
9,2006,2001,0,0,1.974
9,2006,2002,0,0,2.213
9,2006,2003,0,0,2.338
9,2006,2004,0,0,2.726
9,2006,2005,0,0,2.762
9,2006,2006,1,0,3.105
9,2006,2007,1,.5,3.684
9,2006,2008,1,1,4.371
9,2006,2009,1,1.5,5.257
9,2006,2010,1,2,5.75
9,2006,2011,1,2.5,6.44
9,2006,2012,1,3,7.140000000000001
9,2006,2013,1,3.5,7.943000000000001
9,2006,2014,1,4,8.606999999999999
9,2006,2015,1,4.5,9.282999999999999
9,2006,2016,1,5,9.918000000000001
9,2006,2017,1,5.5,10.766
9,2006,2018,1,6,11.21
9,2006,2019,1,6.5,12.056
10,2006,2000,0,0,2.074
10,2006,2001,0,0,2.153
10,2006,2002,0,0,2.392
10,2006,2003,0,0,2.699
10,2006,2004,0,0,2.802
10,2006,2005,0,0,3.115
10,2006,2006,1,0,3.223
10,2006,2007,1,.5,3.955
10,2006,2008,1,1,4.606
10,2006,2009,1,1.5,5.398
10,2006,2010,1,2,5.929
10,2006,2011,1,2.5,6.844
10,2006,2012,1,3,7.49
10,2006,2013,1,3.5,8.125
10,2006,2014,1,4,8.636000000000001
10,2006,2015,1,4.5,9.451000000000001
10,2006,2016,1,5,10.193
10,2006,2017,1,5.5,10.801
10,2006,2018,1,6,11.58
10,2006,2019,1,6.5,12.271
11,2014,2000,0,0,2.135
11,2014,2001,0,0,2.379
11,2014,2002,0,0,2.676
11,2014,2003,0,0,2.64
11,2014,2004,0,0,3.101
11,2014,2005,0,0,3.264
11,2014,2006,0,0,3.154
11,2014,2007,0,0,3.693
11,2014,2008,0,0,3.82
11,2014,2009,0,0,3.772
11,2014,2010,0,0,4.063
11,2014,2011,0,0,4.351
11,2014,2012,0,0,4.745
11,2014,2013,0,0,4.795
11,2014,2014,1,0,5.179
11,2014,2015,1,.5,5.687
11,2014,2016,1,1,6.509
11,2014,2017,1,1.5,6.942
11,2014,2018,1,2,7.782
11,2014,2019,1,2.5,8.608000000000001
12,2014,2000,0,0,2.197
12,2014,2001,0,0,2.611
12,2014,2002,0,0,2.783
12,2014,2003,0,0,2.954
12,2014,2004,0,0,3.315
12,2014,2005,0,0,3.402
12,2014,2006,0,0,3.679
12,2014,2007,0,0,3.856
12,2014,2008,0,0,4.028
12,2014,2009,0,0,4.158
12,2014,2010,0,0,4.356
12,2014,2011,0,0,4.525
12,2014,2012,0,0,4.847
12,2014,2013,0,0,5.098
12,2014,2014,1,0,5.17
12,2014,2015,1,.5,5.942
12,2014,2016,1,1,6.7
12,2014,2017,1,1.5,7.48
12,2014,2018,1,2,8.133000000000001
12,2014,2019,1,2.5,8.759
13,2014,2000,0,0,2.512
13,2014,2001,0,0,2.884
13,2014,2002,0,0,3.077
13,2014,2003,0,0,3.239
13,2014,2004,0,0,3.45
13,2014,2005,0,0,3.568
13,2014,2006,0,0,3.912
13,2014,2007,0,0,4.055
13,2014,2008,0,0,4.095
13,2014,2009,0,0,4.306
13,2014,2010,0,0,4.493
13,2014,2011,0,0,4.881
13,2014,2012,0,0,4.896
13,2014,2013,0,0,5.248
13,2014,2014,1,0,5.438
13,2014,2015,1,.5,6.011
13,2014,2016,1,1,6.699
13,2014,2017,1,1.5,7.532
13,2014,2018,1,2,8.105
13,2014,2019,1,2.5,8.795
14,2014,2000,0,0,2.799
14,2014,2001,0,0,3.202
14,2014,2002,0,0,3.241
14,2014,2003,0,0,3.397
14,2014,2004,0,0,3.585
14,2014,2005,0,0,3.77
14,2014,2006,0,0,4.181
14,2014,2007,0,0,4.272
14,2014,2008,0,0,4.325
14,2014,2009,0,0,4.786
14,2014,2010,0,0,4.949
14,2014,2011,0,0,5.009
14,2014,2012,0,0,5.029
14,2014,2013,0,0,5.268
14,2014,2014,1,0,5.636
14,2014,2015,1,.5,6.244
14,2014,2016,1,1,7.05
14,2014,2017,1,1.5,7.647
14,2014,2018,1,2,8.352
14,2014,2019,1,2.5,9.298
15,2014,2000,0,0,3.035
15,2014,2001,0,0,3.206
15,2014,2002,0,0,3.372
15,2014,2003,0,0,3.842
15,2014,2004,0,0,3.528
15,2014,2005,0,0,4.013
15,2014,2006,0,0,4.152
15,2014,2007,0,0,4.486
15,2014,2008,0,0,4.572
15,2014,2009,0,0,4.781
15,2014,2010,0,0,4.881
15,2014,2011,0,0,5.081
15,2014,2012,0,0,5.502
15,2014,2013,0,0,5.57
15,2014,2014,1,0,5.978
15,2014,2015,1,.5,6.497
15,2014,2016,1,1,7.196
15,2014,2017,1,1.5,8.008000000000001
15,2014,2018,1,2,8.614000000000001
15,2014,2019,1,2.5,9.162000000000001
16,2014,2000,0,0,3.207
16,2014,2001,0,0,3.426
16,2014,2002,0,0,3.609
16,2014,2003,0,0,3.767
16,2014,2004,0,0,4.01
16,2014,2005,0,0,4.346
16,2014,2006,0,0,4.434
16,2014,2007,0,0,4.508
16,2014,2008,0,0,4.698
16,2014,2009,0,0,4.878
16,2014,2010,0,0,5.16
16,2014,2011,0,0,5.411
16,2014,2012,0,0,5.626
16,2014,2013,0,0,5.926
16,2014,2014,1,0,5.928
16,2014,2015,1,.5,6.734
16,2014,2016,1,1,7.662
16,2014,2017,1,1.5,8.218999999999999
16,2014,2018,1,2,8.742000000000001
16,2014,2019,1,2.5,9.555
17,2014,2000,0,0,3.301
17,2014,2001,0,0,3.483
17,2014,2002,0,0,3.808
17,2014,2003,0,0,4.143
17,2014,2004,0,0,4.33
17,2014,2005,0,0,4.296
17,2014,2006,0,0,4.67
17,2014,2007,0,0,4.657
17,2014,2008,0,0,4.796
17,2014,2009,0,0,5.163
17,2014,2010,0,0,5.384
17,2014,2011,0,0,5.667
17,2014,2012,0,0,5.864
17,2014,2013,0,0,6.052
17,2014,2014,1,0,6.123
17,2014,2015,1,.5,6.659
17,2014,2016,1,1,7.574
17,2014,2017,1,1.5,8.407999999999999
17,2014,2018,1,2,8.978
17,2014,2019,1,2.5,9.698
18,2014,2000,0,0,3.315
18,2014,2001,0,0,3.822
18,2014,2002,0,0,3.803
18,2014,2003,0,0,4.21
18,2014,2004,0,0,4.129
18,2014,2005,0,0,4.586
18,2014,2006,0,0,4.897
18,2014,2007,0,0,5.188
18,2014,2008,0,0,5.308
18,2014,2009,0,0,5.255
18,2014,2010,0,0,5.477
18,2014,2011,0,0,5.617
18,2014,2012,0,0,6.029
18,2014,2013,0,0,6.072
18,2014,2014,1,0,6.466
18,2014,2015,1,.5,6.931
18,2014,2016,1,1,7.623
18,2014,2017,1,1.5,8.473000000000001
18,2014,2018,1,2,9.090999999999999
18,2014,2019,1,2.5,9.960000000000001
19,2014,2000,0,0,3.99
19,2014,2001,0,0,4.136
19,2014,2002,0,0,4.047
19,2014,2003,0,0,4.372
19,2014,2004,0,0,4.72
19,2014,2005,0,0,4.773
19,2014,2006,0,0,4.994
19,2014,2007,0,0,5.416
19,2014,2008,0,0,5.23
19,2014,2009,0,0,5.479
19,2014,2010,0,0,5.988
19,2014,2011,0,0,6.031
19,2014,2012,0,0,6.216
19,2014,2013,0,0,6.34
19,2014,2014,1,0,6.506
19,2014,2015,1,.5,7.295
19,2014,2016,1,1,7.862
19,2014,2017,1,1.5,8.694000000000001
19,2014,2018,1,2,9.33
19,2014,2019,1,2.5,10.086
20,2014,2000,0,0,4.116
20,2014,2001,0,0,4.246
20,2014,2002,0,0,4.508
20,2014,2003,0,0,4.611
20,2014,2004,0,0,4.818000000000001
20,2014,2005,0,0,5.155
20,2014,2006,0,0,5.202
20,2014,2007,0,0,5.335
20,2014,2008,0,0,5.612
20,2014,2009,0,0,5.531
20,2014,2010,0,0,5.963
20,2014,2011,0,0,6.178
20,2014,2012,0,0,6.424
20,2014,2013,0,0,6.563
20,2014,2014,1,0,6.837
20,2014,2015,1,.5,7.56
20,2014,2016,1,1,8.125
20,2014,2017,1,1.5,8.957000000000001
20,2014,2018,1,2,9.56
20,2014,2019,1,2.5,10.188
